tarea,epp
Albañil,Casco de seguridad
Albañil,Calzado de seguridad
Albañil,Guantes de protección
Albañil,Anteojos de seguridad
Albañil,Ropa de trabajo
Hormigón armado,Casco de seguridad
Hormigón armado,Calzado de seguridad
Hormigón armado,Guantes de protección
Hormigón armado,Anteojos de seguridad
Hormigón armado,Ropa de trabajo
Pintura,Guantes de protección química
Pintura,Anteojos de seguridad
Pintura,Ropa de trabajo
Pintura,Protección respiratoria
Trabajo en altura,Casco con mentonera
Trabajo en altura,Arnés de seguridad de cuerpo completo
Trabajo en altura,Cabo de vida con absorbedor de energía
Trabajo en altura,Calzado de seguridad
Excavación,Casco de seguridad
Excavación,Calzado de seguridad
Excavación,Guantes de protección
Excavación,Chaleco de alta visibilidad
